<?xml version="1.0" encoding="iso-8859-1"?>
<!DOCTYPE muclient>

<muclient>
<plugin
   name="Crimson_Shroud"
   author="Khadaji and CoffeeBreak"
   id="27e42f7f2f26e69e5690feee"
   language="Lua"
   purpose="Keeping track of shroud"
   date_written="2020-06-20 13:26:02"
   requires="4.75"
   version="3.77"
   save_state="y"
   >
<description trim="n">
<![CDATA[



]]>
</description>
</plugin>

<aliases>

	--Make many aliases
	<alias
   name="setchan"
   match="^shroud_threshold (?<align>.+)$"
   enabled="y"
   regexp="y"
   send_to="12"
   sequence="100"
   script="set_threshold"
   
  >
  
  </alias>
  <alias
   name="setchan2"
   match="^shroud set (?<align>.+)$"
   enabled="y"
   regexp="y"
   send_to="12"
   sequence="100"
   script="set_threshold"
   
  >
  
  </alias>
  
  	<alias
   name="help"
   match="^shroud help$"
   enabled="y"
   regexp="y"
   send_to="12"
   sequence="100"
   script="shroudhelp"
   
  >
  
  </alias>
	
</aliases>

<triggers>


	--Make many triggers
	<trigger
	name ="RecieveExp"
	group = "Exp"
	enabled = "y"
	match ="^You receive (\d+)(?:\+\d+)?(?:\+\d+)? experience (?:point|points)\.$"
	regexp="y"
	sequence ="100"
	script="check_combat_recast"
	>
	</trigger>
	<trigger
	name="ShroudExpire"
	group="ShroudTrigger"
	enabled="y"
	match="^You are no longer receiving Thor's guidance.$"
	regexp="y"
	sequence="100"
	script="shroud_expire"
	>
	</trigger>
	<trigger
	name="ShroudFail"
	group="ShroudTrigger"
	enabled="y"
	match="^You have failed to gain Thor's blessing for the Shroud.$"
	regexp="y"

	sequence="100"
	script="shroud_recast"
	>
	</trigger>
	<trigger
	name="ShroudCast"
	group="ShroudTrigger"
	enabled="y"
	match="^Thor's guidance keeps you on the same path.$"
	regexp="y"

	sequence="100"
	script="shroud_cast"
	>
	</trigger>
	<trigger
	name="ShroudAlreadyCast"
	group="ShroudTrigger"
	enabled="y"
	match="^You are already accepting the shroud.$"
	regexp="y"

	sequence="100"
	script="shroud_alreadyon"
	>
	</trigger>
		<trigger
	enabled="y"
	match="^You will now assist when needed.$"
	regexp="y"
	send_to="12"
	sequence="100"
	><send>
	assist = "true"
	SetVariable("assist", assist)
	</send>
	</trigger>
			<trigger
	enabled="y"
	match="^Autoassist removed.$"
	regexp="y"
	sequence="100"
	send_to="12"
	><send>
	assist = "false"
	SetVariable("assist", assist)</send>
	</trigger>
	
</triggers>

<timers>

	<!-- add <timer> items here -->

</timers>

<script>
<![CDATA[

	require "gmcphelper"
	require "serialize"
	require "utility"
	dofile(GetPluginInfo(GetPluginID(), 20) .. "aardwolf_colors.lua")
	
	version = "3.77"
	assist = GetVariable("assist") or "true"
	
	local currentState = -1
	local recastShroud = tonumber(GetVariable("Recast") or 0)
	local threshold = tonumber(GetVariable("Threshold") or 250)
	local charAlign = tonumber(GetVariable("CharAlign") or 0)
	--1         At login screen, no player yet
	--2         Player at MOTD or other login sequence
	--3         Player fully active and able to receive MUD commands
	--4         Player AFK
	--5         Player in note
	--6         Player in Building/Edit mode
	--7         Player at paged output prompt
	--8         Player in combat
	--9         Player sleeping
	--11        Player resting or sitting
	--12        Player running
	function check_combat_recast(name, line, wildcards)
		
		if(recastShroud==1 and math.abs(charAlign) < threshold) then
			ColourNote("blue","","You need to leave combat to recast shroud!")
		end
	
	end
	function shroud_expire(name, line, wildcards)
		recastShroud =1
		SetVariable("Recast", 1)
		local text = string.format("@RS@rhroud @x238is now @ROFF@x238.")
			util.print("@RS@rhroud @x238is now @ROFF@x238.")
			SendToCommLog(text)
		if (currentState == 8) and (GetVariable("assist") == true) then
	    Execute("autoass")
        DoAfter(5, "shroud")
		end

		if (id == '3e7dedbe37e44942dd46d264') then

			if (text == "char.status") then

				res, gmcparg = CallPlugin("3e7dedbe37e44942dd46d264","gmcpval","char")
				luastmt = "gmcpdata = " .. gmcparg
				assert (loadstring (luastmt or "")) ()
				charAlign = tonumber(gmcpval("status.align"))
			end
		end
		
		if (currentState == 3 and (math.abs(charAlign) < threshold)) then
			Execute("shroud")
			elseif (currentState == 3 and (math.abs(charAlign) > threshold)) then
			local text = string.format("@R*@rWARNING@R*@x238 - @YShroud @RNOT@Y set, you are out of your alignment threshold @x238- @R*@rWARNING@R*")
			util.print("@R*@rWARNING@R*@x238 - @YShroud @RNOT@Y set, you are out of your alignment threshold @x238- @R*@rWARNING@R*")
			SendToCommLog(text)
		end
		-- if disabled give a message that it expired
	end
	
	function shroud_recast(name, line, wildcards)
		if (currentState== 3 and recastShroud == 1) then
			Execute("shroud")
		end
	end
	
	function shroud_cast(name, line, wildcards)
		    local text = string.format("@RS@rhroud @x238is now @GON@x238.")
			util.print("@RS@rhroud @x238is now @GON@x238.")
			SendToCommLog(text)
		recastShroud = 0
		SetVariable("Recast", 0)
		    if GetVariable("assist") == "false" then
	    Execute("autoass")
		end
		
	end
	
		function shroud_alreadyon(name, line, wildcards)
		recastShroud = 0
		SetVariable("Recast", 0)
		
	end
	
	function set_threshold(name, line, wildcards)
		threshold = tonumber(wildcards.align)
		SetVariable("Threshold", threshold)
		util.print("@RM@rax @R+@r/@R- @Ra@rlignment @Rt@rhreshold @Rf@ror @Rs@rhroud @Rs@ret @Rt@ro @Y" .. threshold)
	
	end
	
	function SendToCommLog(text)
  CallPlugin(
    "b555825a4a5700c35fa80780",
    "storeFromOutside",
    text
  )
end

	function OnPluginBroadcast (msg, id, name, text)

		if (currentState == -1) then
			currentState = 0 -- sent request
			Send_GMCP_Packet("request char")
		end

		-- Look for GMCP handler.
		if (id == '3e7dedbe37e44942dd46d264') then

			if (text == "char.status") then

				res, gmcparg = CallPlugin("3e7dedbe37e44942dd46d264","gmcpval","char")
				luastmt = "gmcpdata = " .. gmcparg
				assert (loadstring (luastmt or "")) ()
				currentState = tonumber(gmcpval("status.state"))
				charAlign = tonumber(gmcpval("status.align"))
				
				if (currentState == 3 and recastShroud == 1) then
					SetVariable("CharAlign", charAlign)
					--if message about not recasting is sent and align is below threshold send a message that you can cast shroud again
					if math.abs(charAlign) > threshold then
						--Execute("echo" .. "not recasting shroud your align is under/over your threshold")
						--set a variable to make sure this is only sent once
					else
					
						Execute("shroud")
						
					end
				end
				

			end
		end
	end

function shroudhelp()
	  util.print("@W--------------------------------------------------------------------------------")
      util.print("@WPlugin Name  : @x238<@R*@x238><@r|@RC@rr@Ri@rm@Rs@ro@Rn@r|@x238><@R*@x238> @RS@rhroud @x238has been loaded!")
      util.print("@WAuthor       : @WEm@x250il@x248e @x246An@wto@x242on @x240Kh@x238adaji")
	  util.print("@WCredits      : @x238Special thanks to @yCoffeeBreak@x238 for his work on the original plugin")
      util.print("@WVersion      : @G" .. version)
      util.print("@W--------------------------------------------------------------------------------")
      util.print("")
      util.print("@Y shroud set <number>             @R-->@W Sets the alignment threshold for shroud")
	  util.print("")
	  util.print("@Y shroud_threshold <number>       @R-->@W Sets the alignment threshold for shroud")
	  util.print("")
      util.print("@Y shroud help                     @R-->@W Displays this help file")
      util.print("")   
      util.print("@W--------------------------------------------------------------------------------")
	  end


	function OnPluginInstall ()
	  util.print("@W--------------------------------------------------------------------------------")
      util.print("@WPlugin Name  : @x238<@R*@x238><@r|@RC@rr@Ri@rm@Rs@ro@Rn@r|@x238><@R*@x238> @RS@rhroud @x238has been loaded!")
      util.print("@WAuthor       : @WEm@x250il@x248e @x246An@wto@x242on @x240Kh@x238adaji")
	  util.print("@WCredits      : @x238Special thanks to @yCoffeeBreak@x238 for his work on the original plugin")
      util.print("@WVersion      : @G" .. version)
      util.print("@W--------------------------------------------------------------------------------")
      util.print("")
      util.print("@x238Type @Yshroud help@x238 to view instructions on how to use this plugin!")
      util.print("")   
      util.print("@W--------------------------------------------------------------------------------")
		if (currentState == -1) then
			currentState = 0 -- sent request
			Send_GMCP_Packet("request char")
			
			if GetVariable("assist") == "false" then
			util.print("@RA@rutoassist @x238was @ROFF@x238, now setting it to @GON@x238.")
			SendNoEcho("autoass")
			end
		end
	end

	function OnPluginSaveState()

	

	end

]]>

</script>

</muclient>